<articulos><articulo><codigo>1</codigo><empresa>Barcel</empresa><nom>Serapio Guzman</nom><dir>djghdfg</dir><ciudad>Veracruz</ciudad><tel>4655786989</tel><cel>3156856245</cel><correo>jlvasquez63@gmail,com</correo><obs></obs></articulo><articulo><codigo>2</codigo><empresa>Sabritas</empresa><nom>Jose Arturo</nom><dir>Lazaro Cardenas</dir><ciudad>Xalapa</ciudad><tel>667198</tel><cel>30000000</cel><correo>umbrella@hotmail.com</correo><obs>vende sabritas</obs></articulo><articulo><codigo>3</codigo><empresa>La Costeña</empresa><nom>Juan Jose</nom><dir>Insurgentes</dir><ciudad>Xalapa</ciudad><tel>6679159</tel><cel>3156856245</cel><correo>jlvasquez63@gmail,com</correo><obs></obs></articulo><articulo><codigo>4</codigo><empresa>Bimbo</empresa><nom>Javier Sosa</nom><dir>DFD</dir><ciudad>SDGDF</ciudad><tel>46</tel><cel>876</cel><correo>DFF@FG</correo><obs>DVGDF</obs></articulo><articulo><codigo>5</codigo><empresa>LALA</empresa><nom>Jose Rogelio</nom><dir>gbdfg</dir><ciudad>sdfds</ciudad><tel>34556547</tel><cel>676867</cel><correo>dfgf</correo><obs>dsgdfhdf</obs></articulo><articulo><codigo>6</codigo><empresa>Corona</empresa><nom>Rogelio Perez</nom><dir>av. xalapa</dir><ciudad>xalapa</ciudad><tel>2289786578</tel><cel>9876543210</cel><correo>corona@uv.mx</correo><obs>vende chelas</obs></articulo><articulo><codigo>7</codigo><empresa>marinela</empresa><nom>paloma</nom><dir>ruiz cortines</dir><ciudad>xalapa</ciudad><tel></tel><cel>2233943456</cel><correo>shaha@cne</correo><obs></obs></articulo><articulo><codigo>8</codigo><empresa>TECNOMAX</empresa><nom>IGNAZIO</nom><dir>XALAPA 2000</dir><ciudad>XALAPA</ciudad><tel>4564322</tel><cel>23233534536</cel><correo>sijaju@hotmail.com</correo><obs>VENDE MEMORIAS</obs></articulo></articulos>